名称,営業日,住所,アクセス
風風亭 焼肉ふうふう亭 西武新宿駅前店,月～金、祝前日: 16:00～23:00 （料理L.O. 22:30 ドリンクL.O. 22:30）土、日、祝日: 12:00～23:00 （料理L.O. 22:30 ドリンクL.O. 22:30）,東京都新宿区歌舞伎町１-26-6　灯ビル6Ｆ,JR新宿駅東口徒歩5分、西武新宿駅徒歩1分！分からない時はお気軽にお電話ください！
シュラスコ&肉寿司食べ放題 個室肉バル ミートキング 新宿駅前店,月～日、祝日、祝前日: 12:00～20:00 （料理L.O. 19:00 ドリンクL.O. 19:00）,東京都新宿区歌舞伎町１-6-14 第2ショーリビル4F,新宿駅徒歩4分（炙り肉寿司！食べ放題2480円より）
個室居酒屋 大吉 だいきち 新宿駅前店,月～日、祝日、祝前日: 11:00～翌0:00 （料理L.O. 23:30 ドリンクL.O. 23:30）,東京都新宿区西新宿１-18-5　甲新ビル5F,大小の個室完備！2名～60名迄OK★JR新宿駅南口　徒歩1分／地下鉄丸ノ内線新宿駅　徒歩1分／都営大江戸線新宿駅　徒歩1分
個室肉バル 肉王 新宿駅前店,月～日、祝日、祝前日: 12:00～20:00 （料理L.O. 19:00 ドリンクL.O. 19:00）,東京都新宿区歌舞伎町１-６-１４　第２ショーリビル４階,新宿駅徒歩4分（炙り肉寿司！食べ放題2480円より）
個室居酒屋 とっとり 新宿本店,月～日、祝日、祝前日: 15:00～翌0:00 （料理L.O. 23:00 ドリンクL.O. 23:30）,東京都新宿区歌舞伎町１-6-3 東海苑ビル7F,新宿駅 東口 徒歩2分 / 西武新宿駅 徒歩2分 【全席個室／3時間飲み放題付コース3300円～】
新宿テラス 新宿東口駅前店,月～日、祝日、祝前日: 11:30～23:30 （料理L.O. 22:30 ドリンクL.O. 23:00）,東京都新宿区新宿３-23-12 パンドラビル5F,JR新宿駅東口徒歩1分/◎歌舞伎町ドンキホーテ方面に真っ直ぐ進み、交差点手前左側 1階が「ミネドラッグ」のビル5F
星夜の宴 新宿本店,月～日、祝日、祝前日: 16:30～翌0:00 （料理L.O. 翌0:00 ドリンクL.O. 翌0:00）,東京都渋谷区代々木２-10-1サンセイビル２階,新宿駅西口徒歩３分　新宿駅南口徒歩3分　【各路線からアクセス良好 × 集合&待ち合わせも容易】
UMAKA 美味か 新宿南口店,月～日、祝日、祝前日: 11:00～20:00,東京都新宿区新宿4-1-13４F,3時間飲み放題付コース2980円～！ドア付個室席有。幹事無料クーポン有。ＪＲ新宿駅東口南口徒歩1分 ご宴会・飲み会
焼肉 道楽,月～日、祝日、祝前日: 11:00～翌0:00 （料理L.O. 23:00 ドリンクL.O. 23:30）,東京都新宿区歌舞伎町１‐27‐2　ピア新宿B1F,JR新宿駅徒歩4分・西武新宿駅徒歩1分(新宿駅からアクセス抜群！）
ハヌリ 新宿東口ゴジラ通り店,月～日、祝日、祝前日: 11:30～翌0:00 （料理L.O. 23:00 ドリンクL.O. 23:30）,東京都新宿区歌舞伎町１－１８－９－９F,ＪＲ新宿駅東口徒歩5分/西武新宿駅徒歩3分/ゴジラヘッドが特徴のTOHOシネマビルの通りWaMallビルの9Fです。
肉バル アモーレ新宿,月～日、祝日、祝前日: 11:00～翌0:00 （料理L.O. 23:00 ドリンクL.O. 23:30）,東京都新宿区新宿３-34-3 第31東京ビル B2F,東京都新宿区新宿3-34-3 第31東京ビルB2 新宿駅徒歩3分！
海鮮個室居酒屋 一兆 いっちょう 新宿駅前店,月～日、祝日、祝前日: 11:00～翌2:00 （料理L.O. 翌1:00 ドリンクL.O. 翌1:30）,東京都新宿区西新宿１-18-5　甲新ビルB1F,大小の個室完備！2名～60名迄OK★JR新宿駅南口　徒歩1分／地下鉄丸ノ内線新宿駅　徒歩1分／都営大江戸線新宿駅　徒歩1分
焼肉 萬和苑 新宿店,月～日、祝日、祝前日: 11:00～翌0:00 （料理L.O. 23:00 ドリンクL.O. 23:30）,東京都新宿区新宿４丁目１ー１３　田園新宿ビル６F,JR新宿駅 南口 徒歩1分 / 丸ノ内線 新宿三丁目駅 徒歩2分
北九州酒場 西新宿店,月～土、祝日、祝前日: 11:30～20:00 （料理L.O. 19:30 ドリンクL.O. 19:30）,東京都新宿区西新宿７-11-18　711ビルB1,ＪＲ新宿駅 西口徒歩3分 都営大江戸線新宿西口駅D4番出口 徒歩1分 地下鉄丸ノ内線新宿駅徒歩1分
プロント PRONTO 新宿駅東口店,月～日、祝日、祝前日: 07:30～23:30 （料理L.O. 23:00 ドリンクL.O. 23:00）,東京都新宿区新宿３-21-3,新宿駅東口より徒歩１分　新宿アルタ裏
タイレストラン バンタイ THAI RESTAURANT BAN-THAI,月～金、祝前日: 11:30～15:3017:00～20:00土、日、祝日: 11:30～20:00,東京都新宿区歌舞伎町１‐23‐14　第一メトロビル3F ,【西武新宿駅】南口より徒歩2分／東京メトロ【新宿駅】Ｂ12出口より徒歩2分／【新宿駅】西口（Ｄ３出口）より徒歩3分
レストラン はやしや,月～日、祝日、祝前日: 10:30～20:00 （料理L.O. 19:15 ドリンクL.O. 19:15）,東京都新宿区新宿３丁目２２－１２　新宿サンパークビル本館　５階,ＪＲ新宿駅を出て八百屋の通りをアルタ方面へ。三国一を右折。百円ショップを通り過ぎたゲームセンターの五階
土間土間 西武新宿駅前店,月～日、祝日、祝前日: 14:00～20:00,東京都新宿区歌舞伎町１－２５－３　西武新宿駅前ビル６Ｆ,西武新宿駅徒歩1分／JR新宿駅徒歩5分／地下鉄丸ノ内線新宿三丁目駅徒歩5分
水炊き 焼鳥 とりいちず酒場 歌舞伎町 西武新宿駅前店,月～日、祝日、祝前日: 12:00～23:30 （料理L.O. 22:00 ドリンクL.O. 22:30）,東京都新宿区歌舞伎町１丁目２６－６　灯ビル４Ｆ,ＪＲ 新宿 徒歩3分 西武新宿駅より30秒！プレモル中ジョッキ219円でコスパ抜群の駅近居酒屋♪
皇記 新宿店,月～日、祝日、祝前日: 11:00～15:00 （料理L.O. 14:50 ドリンクL.O. 14:50）17:00～23:00 （料理L.O. 22:30 ドリンクL.O. 22:30）,東京都渋谷区代々木２-13-8,都営新宿線 新宿駅 徒歩1分/京王新線 新宿駅 徒歩1分
ミステリアス MYSTERIOUS 新宿店,月～金、祝前日: 16:00～20:00 （料理L.O. 19:30 ドリンクL.O. 19:00）土、日、祝日: 15:00～20:00 （料理L.O. 19:30 ドリンクL.O. 19:00）,東京都新宿区歌舞伎町１‐１６‐３　新宿スクエアビルＢ１Ｆ,JR「新宿駅」東口徒歩5分/西武新宿線「西武新宿駅」徒歩3分/地下鉄丸ノ内線「新宿駅」徒歩3分
縁の宴 新宿東口店,月～日、祝日、祝前日: 15:00～翌0:00 （料理L.O. 23:30 ドリンクL.O. 23:30）,東京都新宿区歌舞伎町１-６-３石塚ビル８Ｆ,新宿駅東口徒歩2分　桜通りトップ８F 厳選鍋が人気★個室も完備の本格居酒屋
Claudia2 クラウディア2,月～日、祝日、祝前日: 11:30～23:00 （料理L.O. 22:30 ドリンクL.O. 22:30）,東京都新宿区新宿３-１０-１０ 要会館1F2F,ＪＲ 新宿駅 徒歩6分／都営新宿線 新宿三丁目駅 徒歩1分／副都心線・丸ノ内線 新宿三丁目駅 徒歩2分
かあさん 新宿駅前店,月～土、祝前日: 16:00～20:00 （料理L.O. 19:00 ドリンクL.O. 19:00）,東京都新宿区西新宿１-11-11　河野ビルＢ１  ,JR新宿駅西口徒歩3分／小田急線新宿駅西口徒歩3分／都営大江戸線新宿駅西口徒歩3分
バルダイニング イッツ,月、火、木: 17:00～20:00 （料理L.O. 19:00 ドリンクL.O. 19:30）水、金～日、祝日、祝前日: 11:30～20:00 （料理L.O. 19:00 ドリンクL.O. 19:30）,東京都新宿区歌舞伎町２－４５－１　１Ｆ,東京都新宿区歌舞伎町2-45-1 1F　西武新宿駅徒歩1分
笑い蔵 waraizo 新宿東口店,月～日、祝日、祝前日: 12:00～翌0:00 （料理L.O. 22:00 ドリンクL.O. 22:00）,東京都新宿区歌舞伎町１-15-12　大河原ビル4Ｆ,JR新宿東口徒歩3分/西武新宿駅2分（迷ったらお気軽にお電話下さい♪）
Miami Patio マイアミ パティオ 小田急エース店,月～日、祝日、祝前日: 10:00～14:5915:00～20:00 （料理L.O. 19:00 ドリンクL.O. 19:30）,東京都新宿区西新宿１西口地下街1号　小田急エース　北館　東 ,各線・地下鉄新宿駅西口徒歩2分(新宿駅西口地下街小田急エース内）
旬菜と海鮮の店 米助 よねすけ 新宿総本店,月～木: 16:00～翌0:00 （料理L.O. 23:00 ドリンクL.O. 23:30）金、祝前日: 16:00～翌4:30 （料理L.O. 翌3:30 ドリンクL.O. 翌4:00）土: 14:00～翌4:30 （料理L.O. 翌3:30 ドリンクL.O. 翌4:00）日、祝日: 14:00～翌0:00 （料理L.O. 23:00 ドリンクL.O. 23:30）,東京都新宿区新宿３丁目36-13　Mビル７F,"【新宿駅徒歩1分】★幹事様無料★ 3H飲み放題付8品コース3,480円～♪≪新宿　個室　居酒屋　米助≫"
きてや 西武新宿駅前店,月～日、祝日、祝前日: 17:00～翌5:00 （料理L.O. 翌4:30）,東京都新宿区歌舞伎町２－４５－４　若月ビル１F,西武新宿線西武新宿駅北口徒歩1分／JR新宿駅東口徒歩6分／小田急線新宿駅東口徒歩5分／地下鉄各線新宿駅B13出口徒歩5分
ワイン&ビア ムートン WINE&BEER MOUTON,火～土、祝日、祝前日: 17:00～翌0:00 （料理L.O. 23:30 ドリンクL.O. 23:30）,東京都新宿区新宿３-21-7　東新ビル4階,ＪＲ 新宿駅 徒歩3分／地下鉄丸の内線 新宿駅 徒歩1分／地下鉄 新宿三丁目駅 徒歩5分／西武新宿線 西武新宿駅 徒歩5分
個室居酒屋 たまて箱 新宿西口店,月～日、祝日、祝前日: 16:00～20:00 （料理L.O. 19:00 ドリンクL.O. 19:00）,東京都新宿区西新宿１-４-５　明広ビル 5F,ＪＲ新宿西口１分／創作和食が豊富な個室居酒屋 宴会は税込2980円～◎
ミュンヘン 新宿西口ハルク店,月～日、祝日、祝前日: 11:00～20:00 （料理L.O. 19:00 ドリンクL.O. 19:00）,東京都新宿区西新宿１-5-1 小田急ハルク 食堂酒場ハル★チカMB3F,JR新宿駅　西口　徒歩2分／地下鉄新宿駅　B16～18番出口直結
瓦 ダイニング kawara CAFE&DINING 新宿東口店,月～日、祝日、祝前日: 11:45～20:00 （料理L.O. 19:00 ドリンクL.O. 19:00）,東京都新宿区新宿3-23-12　パンドラビル8F,JR新宿駅東口徒歩2分。アルタ左側の道路を直進。大通りとの角にあるビル8Ｆです。
温野菜 西武新宿駅前店,月～日、祝日、祝前日: 17:00～20:00 （料理L.O. 19:00 ドリンクL.O. 19:00）,東京都新宿区歌舞伎町１-25-3西武新宿駅前ビル2F,JR新宿駅東口より徒歩5分/しゃぶしゃぶといえばしゃぶしゃぶ温野菜♪いろいろ選べる食べ放題や宴会コースもご用意！
銀波 GINPA 新宿駅東口店,月～日、祝日、祝前日: 11:30～15:00 （ドリンクL.O. 14:00）16:00～20:00 （料理L.O. 19:00 ドリンクL.O. 19:00）,東京都新宿区新宿３－３７－１２　新宿NOWAビル　４Ｆ, 山手線ＪＲ新宿駅東口・南口　徒歩１～２分 丸ノ内線 副都心線  新宿三丁目駅 徒歩５分  西武新宿線西武新宿駅　      
串八珍 新宿中央口店,月～日、祝日、祝前日: 16:00～21:00 （料理L.O. 19:50 ドリンクL.O. 20:00）,東京都新宿区新宿３－３４－１６　池田プラザビル２Ｆ,JR新宿駅東口・東南口　徒歩3分
やきとりセンター 新宿歌舞伎町一番街通り店,月～日、祝日、祝前日: 15:00～20:00 （料理L.O. 19:30 ドリンクL.O. 19:00）,東京都新宿区歌舞伎町１-17-2　小松ビル2F,新宿駅Ｄ３出口より徒歩約4分/西武新宿駅正面口より徒歩約4分
bar 金魚鉢,月～土、祝前日: 18:00～翌5:00 （料理L.O. 翌4:00 ドリンクL.O. 翌4:30）,東京都新宿区歌舞伎町２-38-2 第2メトロビル2階,西武新宿線新宿駅から徒歩5分/JR新宿駅から徒歩10分
common cafe 新宿東口店,月～日、祝日、祝前日: 07:00～20:00 （料理L.O. 19:25）,東京都新宿区歌舞伎町１‐20‐2　アパホテル2階,ＪＲ 新宿駅 徒歩5分/西武新宿線 西武新宿駅 徒歩3分/地下鉄丸ノ内線 新宿駅 徒歩5分 
安安 新宿店,月: 16:00～20:00 （料理L.O. 19:30 ドリンクL.O. 18:50）火～金、祝前日: 16:00～翌2:00 （料理L.O. 翌1:30 ドリンクL.O. 翌1:30）土、祝日: 15:00～翌2:00 （料理L.O. 翌1:30 ドリンクL.O. 翌1:30）日: 15:00～23:30 （料理L.O. 23:00 ドリンクL.O. 23:00）,東京都新宿区歌舞伎町１-25-3　西武新宿駅前ビルB1F,JR新宿駅　徒歩5分／西武新宿線 西武新宿駅 徒歩1分
匠心酒場,月～土、祝日、祝前日: 11:00～23:00 （料理L.O. 22:30 ドリンクL.O. 22:45）,東京都新宿区西新宿１-15-13-B1F,東京メトロ丸ノ内線，京王，小田急小田原線，都営，JR新宿駅京王新線口より徒歩1分/地上出口７より徒歩約3分
花ぜん 新宿本店,月～金: 11:30～14:00 （料理L.O. 13:30 ドリンクL.O. 13:30）17:00～翌0:00 （料理L.O. 23:30 ドリンクL.O. 23:30）土、祝日: 16:00～翌0:00 （料理L.O. 23:30 ドリンクL.O. 23:30）祝前日: 11:30～13:30 （料理L.O. 13:30 ドリンクL.O. 13:30）17:00～翌0:00 （料理L.O. 23:30 ドリンクL.O. 23:30）,東京都新宿区西新宿７－１０－２０　地下１階,JR新宿駅西口徒歩3分／西武新宿線新宿駅徒歩2分／都営大江戸線新宿西口駅 D4番出口 徒歩1分 
新宿 又吉,月～日、祝日、祝前日: 15:00～翌0:00 （料理L.O. 23:00 ドリンクL.O. 23:30）,東京都新宿区西新宿１-8-5-5F,新宿駅西口より徒歩1分新宿駅から278m　【毎日24時まで営業中！酒類も終日提供中！】
肉バル個室 ミート&チーズ とらや 新宿東口店,月～木、日、祝日: 16:00～翌0:00 （料理L.O. 23:00 ドリンクL.O. 23:30）金、土、祝前日: 16:00～翌5:00 （料理L.O. 翌4:00 ドリンクL.O. 翌4:30）,東京都新宿区歌舞伎町１-6-3　東海苑ビル2F,新宿駅東口から徒歩2分、新宿三丁目駅から徒歩3分！3H飲み放題付コース2980円～♪人気の肉バル料理が目白押し！
新宿っ子ダイニング ペコリ PECORI,月～日、祝日、祝前日: 17:00～翌5:00 （料理L.O. 翌4:00 ドリンクL.O. 翌4:30）,東京都新宿区歌舞伎町１－２５－３西武新宿駅前ビル７F,新宿駅東口徒歩7分、西武新宿駅徒歩0分♪西武新宿駅前ビル７F!! 新宿東口で誕生日・女子会・会社宴会なら！朝まで営業！
やきとりセンター 新宿歌舞伎町店,月～日、祝日、祝前日: 11:30～20:00 （料理L.O. 19:30 ドリンクL.O. 19:00）,東京都新宿区歌舞伎町１－１５－５ビッグレモンビル２Ｆ,JR新宿駅東口徒歩3分／新宿ドンキ徒歩1分/西武新宿駅徒歩4分
Garden 新宿駅前店,月: 11:30～15:30 （料理L.O. 15:00）16:30～23:00 （料理L.O. 22:00 ドリンクL.O. 21:30）火～木、土、日、祝日、祝前日: 11:30～15:30 （料理L.O. 15:00）16:30～23:00 （料理L.O. 22:00 ドリンクL.O. 22:30）金: 11:30～15:30 （料理L.O. 15:00）16:30～23:00 （料理L.O. 22:00 ドリンクL.O. 22:40）,東京都新宿区新宿３‐27‐5 ケースリービル  7F,JR線 新宿駅 中央東口駅目の前！徒歩0分/東京メトロ丸の内線 新宿駅A8 徒歩0分/京王線・小田急線 新宿駅徒歩0分
元祖麻婆豆腐 新宿店,月～日、祝日、祝前日: 11:00～23:00 （料理L.O. 22:30 ドリンクL.O. 22:45）,東京都新宿区西新宿１-15-13-2F,丸ノ内線，京王，小田急小田原線，都営，JR新宿駅地上出口７より徒歩3分/副都心線新宿三丁目駅Ｅ１０出口より徒歩約9分
日日 にちにち 新宿本店,月～日、祝日、祝前日: 12:00～翌4:00 （料理L.O. 翌3:30 ドリンクL.O. 翌3:30）,東京都新宿区歌舞伎町２－３９－６　江口ビル１F,西武新宿線 西武新宿駅 徒歩4分 ＪＲ 新宿駅 徒歩6分 
菜々 土古里 とこり 小田急新宿店,月～日、祝日、祝前日: 11:00～20:00 （料理L.O. 19:15 ドリンクL.O. 19:15）,東京都新宿区西新宿１－１－３　小田急百貨店　新宿　マンハッタンヒルズ１２Ｆ,JR・京王線・小田急線新宿駅徒歩3分　直結の新宿小田急百貨店のエレベーターで本館１２階にございます
新宿肉バル パンとサーカス,月、水、木、祝前日: 15:00～23:00 （料理L.O. 22:00 ドリンクL.O. 22:00）火: 17:00～23:00 （料理L.O. 22:00 ドリンクL.O. 22:00）金: 15:00～翌0:00 （料理L.O. 23:00 ドリンクL.O. 23:00）土、祝日: 12:00～翌0:00 （料理L.O. 23:00 ドリンクL.O. 23:00）日: 12:00～翌0:00 （料理L.O. 23:00 ドリンクL.O. 翌0:00）,東京都新宿区新宿３-3-7 4F,東京メトロ，都営新宿線　新宿三丁目駅Ｃ３出口より、徒歩約20秒 / 新宿駅　Ａ５出口より、徒歩約5分
ビー Bee 新宿店,月～木: 17:00～翌3:00 （料理L.O. 翌0:00 ドリンクL.O. 翌2:30）金: 17:00～翌5:00 （料理L.O. 翌3:30 ドリンクL.O. 翌4:30）土: 15:00～翌5:00 （料理L.O. 翌3:30 ドリンクL.O. 翌4:30）日、祝日: 15:00～翌3:00 （料理L.O. 翌0:00 ドリンクL.O. 翌2:30）祝前日: 17:00～翌5:00 （料理L.O. 翌3:30 ドリンクL.O. 翌4:00）,東京都新宿区新宿３－１８－４　セノビルＢ１・Ｂ２,JR新宿駅東口徒歩1分／地下鉄各線新宿駅　Ｂ10出口徒歩0分 「すしざんまい」様と同じビル！B1、B2フロア
アジアン居酒屋 カラシュ,月～日、祝日、祝前日: 11:00～15:30 （料理L.O. 15:30 ドリンクL.O. 15:30）17:30～翌0:00 （料理L.O. 22:30 ドリンクL.O. 23:30）,東京都新宿区西新宿１－１９－１１　７F,新宿駅西口から徒歩3分
ラッツダイニング Lad's Dining 新宿店,月～日、祝日、祝前日: 00:00～00:30,東京都新宿区新宿３‐３５‐７ さんらくビルＢ１Ｆ,JR新宿駅東南口から徒歩1分
ビタースイーツ ビュッフェ ルミネエスト新宿店,月～日、祝日、祝前日: 11:00～20:00 （料理L.O. 19:30 ドリンクL.O. 19:30）,東京都新宿区新宿３－３８－１　ルミネエスト新宿８F,JR新宿駅東口直結！徒歩0分　ルミネエスト新宿内／東京メトロ新宿駅1分
縁 新宿駅東口店,月～日、祝日、祝前日: 17:00～20:00 （料理L.O. 19:00 ドリンクL.O. 19:00）,東京都新宿区新宿３－２６－１８　カワノビル５Ｆ,ＪＲ新宿駅 東口 徒歩3分
ビラビアンキ VILLA BIANCHI 新宿店,月～日、祝日、祝前日: 11:30～15:00 （料理L.O. 14:30 ドリンクL.O. 14:30）17:00～20:00 （料理L.O. 19:00 ドリンクL.O. 19:00）,東京都渋谷区代々木2-2-1新宿サザンテラス小田急サザンタワー3F,【JR新宿駅新南改札徒歩２分】ステーキとワインの美味しいイタリアンバル、飲み会・女子会・同窓会におすすめ個室有り。
なだ万 賓館 小田急百貨店 新宿店,月～日、祝日、祝前日: 11:00～22:30 （料理L.O. 21:00 ドリンクL.O. 21:30）,東京都新宿区西新宿１-1-3 小田急百貨店　新宿　マンハッタンヒルズ14Ｆ,JR新宿駅西口徒歩0分／地下鉄大江戸線新宿駅徒歩3分
台湾料理 味王 小酒舘,月～日、祝日、祝前日: 17:30～23:00 （料理L.O. 23:00 ドリンクL.O. 23:00）,東京都新宿区新宿３‐３６‐１８　国土三協ビル３Ｆ,JR新宿駅東南口徒歩1分
鳥貴族 西武新宿駅前店,月～木、日、祝日: 16:00～翌2:00 （料理L.O. 翌1:30）金、土、祝前日: 16:00～翌4:00 （料理L.O. 翌3:30）,東京都新宿区歌舞伎町１-25-3　ワモール4Ｆ,西武新宿線  西武新宿駅  南口より  南へ徒歩1分JR線  新宿駅  東口より  北へ徒歩6分
NOM. 新宿,月～日、祝日、祝前日: 11:00～20:00 （料理L.O. 19:00 ドリンクL.O. 19:00）,東京都新宿区歌舞伎町１-23-12桑原ビル3F,JR新宿駅東口徒歩3分　西武新宿駅徒2分（西武新宿線沿い）
66カフェ 西新宿店,月～金、祝前日: 11:00～20:00 （料理L.O. 19:30）土、祝日: 11:00～19:00 （料理L.O. 18:30）,東京都新宿区西新宿６－４－１　新宿アイランドアトリウムＢ１Ｆ,地下鉄丸ノ内線西新宿駅直結0分／JR新宿駅西口より徒歩8分
さくら 西新宿駅前店,月～金、祝前日: 11:00～15:00 （料理L.O. 14:30 ドリンクL.O. 14:30）,東京都新宿区西新宿８-4-2 野村不動産西新宿ビルB1,東京メトロ西新宿駅から徒歩２分
フロア完全貸切パーティー シャンクレール 新宿,月～日、祝日、祝前日: 09:00～22:30,東京都新宿区西新宿６-６-２　ヒルトン東京Ｂ１ ヒルトピア,新宿駅(西口)徒歩7分/西新宿駅(Ｃ8出口)徒歩2分/都庁前駅徒歩3分◎ヒルトン東京B１Ｆヒルトピア内にございます
絵のある街 新宿店,月～日、祝日、祝前日: 11:00～14:00 （料理L.O. 14:00 ドリンクL.O. 14:00）17:00～23:00 （料理L.O. 22:30 ドリンクL.O. 22:30）,東京都新宿区西新宿７-15-17 東光ビル2F,新宿駅D5出口より徒歩約3分/西武新宿駅より徒歩約5分
英国風パブ HUB 西武新宿駅前店,月～木: 17:00～翌1:00金、祝前日: 17:00～翌2:00土: 16:00～翌2:00日、祝日: 16:00～翌1:00,東京都新宿区歌舞伎町１-26-6 灯ビルB1F,西武新宿駅 徒歩1分
ユック 北の海道 新宿駅前エルタワー店,月～金、祝前日: 11:30～14:30 （料理L.O. 14:00 ドリンクL.O. 14:00）17:00～22:30 （料理L.O. 21:30 ドリンクL.O. 22:00）土: 11:30～14:30 （料理L.O. 14:00 ドリンクL.O. 14:00）17:00～22:00 （料理L.O. 21:00 ドリンクL.O. 21:30）日: 11:30～14:30 （料理L.O. 14:00 ドリンクL.O. 14:00）17:00～21:00 （料理L.O. 20:00 ドリンクL.O. 20:30）祝日: 11:30～14:30 （料理L.O. 14:00 ドリンクL.O. 14:00）17:00～22:21 （料理L.O. 20:00 ドリンクL.O. 21:30）,東京都新宿区西新宿１－６－１　新宿エルタワーＢ２,JR新宿駅西口徒歩3分/都庁前駅徒歩3分
大衆スタンド 神田屋 新宿三丁目末広通り店,月～土、祝前日: 12:00～翌0:00日、祝日: 12:00～22:00,東京都新宿区新宿３-７-３ 丸中ビル１F,東京メトロ，都営新宿線新宿三丁目駅徒歩約1分/京王，小田急小田原線，都営大江戸線，ＪＲ新宿駅Ｂ６出口より徒歩約6分
みんなの居酒屋 Mt.ロッキー 新宿三丁目,月～日、祝日、祝前日: 16:00～20:00 （料理L.O. 19:00 ドリンクL.O. 18:45）,東京都新宿区新宿３-11-11  ダイアン新宿8F,都営新宿線 新宿三丁目駅 徒歩1分地下鉄副都心線 新宿三丁目駅 徒歩3分
カフェバー サニーサイド 新宿東口店,月～金、祝前日: 11:00～翌0:00 （料理L.O. 23:00 ドリンクL.O. 23:30）土、日、祝日: 11:30～翌0:00 （料理L.O. 23:00 ドリンクL.O. 23:30）,東京都新宿区新宿３－２８－７　キーストンビル１Ｆ,JR新宿駅中央東口　徒歩１分/地下鉄丸ノ内線新宿三丁目駅　徒歩３分/西武新宿線西武新宿駅　徒歩５分
りんず 新宿西口ハルク店,月～日、祝日、祝前日: 11:00～翌0:00 （料理L.O. 23:00 ドリンクL.O. 23:00）,東京都新宿区西新宿１-5-1 小田急ハルク 食堂酒場ハル★チカMB3F,JR新宿駅　西口　徒歩2分／地下鉄新宿駅　B16～18番出口直結
歌広場 新宿南口駅前店,月～日、祝日、祝前日: 10:00～翌6:00,東京都渋谷区代々木２-8-6　新宿駅前サウスビル7階,新宿駅から徒歩2分
台湾料理 皇品,月～土、祝日、祝前日: 17:00～翌3:00 （料理L.O. 翌3:00 ドリンクL.O. 翌3:00）,東京都新宿区歌舞伎町２-22-13 アドビル 1階E室,西武新宿駅北口徒歩5分
魚盛 西新宿 新宿アイランドタワー店,月～金、祝前日: 11:30～14:30 （料理L.O. 14:00 ドリンクL.O. 14:00）17:00～20:00 （料理L.O. 19:00 ドリンクL.O. 19:00）,東京都新宿区西新宿6-4-1新宿アイランドアトリウム2F,地下鉄丸の内線 西新宿駅から徒歩1分！《魚盛 新宿アイランドタワー店》新鮮な魚介と日本酒が人気！飲み放コースあり！
米助 よねすけ 新宿総本店,月～木: 16:00～翌0:00 （料理L.O. 23:00 ドリンクL.O. 23:30）金、祝前日: 16:00～翌4:30 （料理L.O. 翌3:30 ドリンクL.O. 翌4:00）土: 14:00～翌4:30 （料理L.O. 翌3:30 ドリンクL.O. 翌4:00）日、祝日: 14:00～翌0:00 （料理L.O. 23:00 ドリンクL.O. 23:30）,東京都新宿区新宿３-36-13 Mビル 7F ,"【新宿駅徒歩1分】★幹事様無料★ 3H飲み放題付8品コース3,480円～♪≪新宿　個室　居酒屋　米助≫"
バームーンウォーク 200yen bar moon walk 西武新宿駅前店,月～日、祝日、祝前日: 18:00～翌5:00 （料理L.O. 翌4:30 ドリンクL.O. 翌4:30）,東京都新宿区歌舞伎町２-45-4　第2与三郎ビル6階,西武新宿駅　徒歩1分、歌舞伎町
海幸山幸たまて箱,月～日、祝日、祝前日: 16:00～20:00 （料理L.O. 19:00 ドリンクL.O. 19:00）,東京都新宿区西新宿１-４-５　明広ビル 5F,ＪＲ新宿西口１分／創作和食が豊富な個室居酒屋 宴会は税込2980円～◎
一軒め酒場 西武新宿駅前店,月～日、祝日、祝前日: 11:00～20:00,東京都新宿区歌舞伎町１－２４－３,西武新宿線　西武新宿駅　正面口　徒歩2分
ラーメン 小次郎 歌舞伎町店,月～日、祝日、祝前日: 11:00～翌4:00 （料理L.O. 翌3:30 ドリンクL.O. 翌3:30）,東京都新宿区歌舞伎町２-37-5　日新ビル1階,JR新宿駅東口徒歩8分／西武新宿駅徒歩1分
WILD BEACH shinjuku TOKYO SKY RESORT,月～金、祝前日: 11:00～23:00 （料理L.O. 22:00 ドリンクL.O. 22:30）土、日、祝日: 11:00～22:30 （料理L.O. 21:30 ドリンクL.O. 22:00）,東京都新宿区新宿３-38番1号 ルミネエスト,新宿駅東口改札北側エレベーター屋上直結 　ルミネエスト屋上
おもてなしとりよし 西新宿店,月～日、祝日、祝前日: 11:00～15:00 （料理L.O. 14:30 ドリンクL.O. 14:30）15:01～20:00 （料理L.O. 19:00 ドリンクL.O. 19:00）,東京都新宿区西新宿１-１０-２  １１０ビル１１階,新宿駅より徒歩1分ある居酒屋で飲み会、大人数での宴会に是非ご利用下さいませ。個室席多数完備。
SUIGETSU すいげつ 新宿駅前店,月～日、祝日、祝前日: 14:00～翌3:00 （料理L.O. 翌2:00 ドリンクL.O. 翌2:30）,東京都新宿区歌舞伎町１-17-5 4F,新宿駅3分 焼き鳥や肉寿司など全120種類3時間食べ飲み放題
椿屋茶房 タカシマヤタイムズスクエア店,月～日、祝日、祝前日: 10:00～23:00 （料理L.O. 22:30 ドリンクL.O. 22:30）,東京都渋谷区千駄ヶ谷５－２４－２　タカシマヤタイムズスクエア１２階,新宿駅　南口　徒歩2分　タカシマヤタイムズスクエア
バグース BAGUS 西武新宿店,月～金、祝前日: 15:00～翌5:00土、日、祝日: 12:00～翌5:00,東京都新宿区歌舞伎町１-２５-３ 西武新宿駅前ビル５Ｆ,西武新宿線 西武新宿駅 正面口(歌舞伎町方面)徒歩1分/都営地下鉄 大江戸線 新宿西口駅(D3出口)徒歩4分
肴家 獅龍 新宿,月～土、祝前日: 17:00～翌5:00 （料理L.O. 翌4:00 ドリンクL.O. 翌4:00）日、祝日: 17:00～23:00 （料理L.O. 22:30 ドリンクL.O. 22:30）,東京都新宿区西新宿５－２５－１３　パラガイハイツ1F,都営大江戸線西新宿五丁目駅 徒歩20秒／JR新宿駅 西口 徒歩15分
かのや 新宿西口店,月: 07:00～23:00火～土: 07:30～23:00日、祝日: 09:00～23:00祝前日: 07:30～23:30,東京都新宿区西新宿１-16-11 泰和ビル1F,各線新宿駅　西口徒歩２分新宿駅から256m
ジクー jiQoo,月～金、祝前日: 15:00～23:30 （料理L.O. 23:30 ドリンクL.O. 23:30）土、日、祝日: 13:00～23:30 （料理L.O. 23:30 ドリンクL.O. 23:30）,東京都新宿区歌舞伎町１-25-3　西武新宿駅前ビル３F,新宿駅東口5分/西武新宿駅1分　新宿駅東口出てアルタ方面に進む。新宿大ガード東を過ぎて西武新宿線に向かう途中ビル3階
串八珍 西新宿店,月～金、祝前日: 11:30～14:0017:00～23:00 （料理L.O. 22:15 ドリンクL.O. 22:30）,東京都新宿区西新宿１-19-13青鈴ビル4F,新宿駅西口・南口徒歩1分
KEY BAR SEA きばらし 新宿店,月～日、祝日、祝前日: 17:00～翌5:00 （料理L.O. 翌4:30 ドリンクL.O. 翌4:30）,東京都新宿区歌舞伎町１-６-１４　第２ショーリビル４Ｆ,新宿駅東口4分/新宿3丁目駅3分個室居酒屋♪各種宴会予約受付中♪
もつ焼きモッツマン 東新宿店,月～土、祝日、祝前日: 17:00～翌0:00 （料理L.O. 23:00 ドリンクL.O. 23:30）日: 17:00～翌0:00 （料理L.O. 23:00 ドリンクL.O. 23:00）,東京都新宿区新宿７-27-24コンフォート東新宿2F,東新宿駅エレベーター口より徒歩約1分/ＪＲ新大久保駅出口より徒歩約13分
やきとりセンター 新宿NSビル店,月～金、祝前日: 11:30～20:00 （料理L.O. 19:30 ドリンクL.O. 19:00）,東京都新宿区西新宿２-４ 新宿NSビル1F,JＲ新宿駅 徒歩8分 地下鉄丸ノ内線西新宿駅 徒歩8分 都営大江戸線都庁前駅 徒歩3分  
カラオケ 747 新宿コマ通り店,月～日、祝日、祝前日: 18:00～翌5:00 （料理L.O. 翌1:00 ドリンクL.O. 翌4:00）,東京都新宿区歌舞伎町１‐１６‐６第６ポールスタービルＢ１Ｆ,JR新宿駅東口徒歩3分☆
E PRONTO エプロント 文化学園店,月～金、祝前日: 08:00～19:00 （料理L.O. 18:00 ドリンクL.O. 18:30）土: 10:00～19:00 （料理L.O. 18:00 ドリンクL.O. 18:30）,東京都渋谷区代々木３-14-3,JR線 新宿駅 南口より徒歩10分☆小田急線 南新宿駅より徒歩8分☆
昌平ラーメン 新宿西口店,月～金、祝前日: 11:00～翌0:00 （料理L.O. 23:20 ドリンクL.O. 23:20）土、祝日: 11:00～23:30 （料理L.O. 22:50 ドリンクL.O. 22:50）,東京都新宿区西新宿７丁目12の４,西新宿駅から徒歩2分JR新宿駅各線より徒歩4分
カラオケルーム 歌広場 西武新宿駅前店,月～日、祝日、祝前日: 11:00～翌5:00,東京都新宿区歌舞伎町１-24-2 メトロプラザ・6　 7階,都営地下鉄三田駅Ａ3出口を出て桜田通り右手。都営地下鉄三田駅より徒歩3分。
ビストロ サヴァサヴァ,火～日、祝日、祝前日: 11:30～15:00 （料理L.O. 14:00）17:00～翌0:00 （料理L.O. 23:00）,東京都新宿区新宿３-20-6　ＦＳビル4階,ＪＲ 新宿駅 東口 徒歩3分／地下鉄 新宿駅 徒歩3分／地下鉄 新宿三丁目駅 徒歩1分
